id,x,y
0439f49b9f18413a6c25db5ba6670427,0.5000017468450111,0.5000010358188399
224bff183ee482001cb31d7f56c5680b,-0.0003459864719557258,0.711211159483496
69a11c262d135450038ac3a0c33d58b7,0.5493557586407606,-0.0003729142391333742
84ad6c9f6e16221292f81cff256727ef,0.049049768630961416,0.21085532395414644
8bbe23b4a5ae298c01cb76940ee2315e,0.9509672656758171,0.7891553383304745
a34f1f92f887fd9331496e95eccbddc0,1.000350573179238,0.28876890315930015
ec8e0d69531025a608bc6a2d0c4a53fb,0.4506208421850684,1.0003811360756143